,coef,se,t,p
const,0.015738000689406267,0.0011265847327601517,13.969655572065047,2.38778613430164e-44
l_dlrgdpmad,0.3119639106312253,0.0389638636373072,8.00649323524799,1.1802563759697172e-15
dlenpr,-0.03881579655145945,0.012385393685738703,-3.1339977990489167,0.0017244214941670116
l_dlenpr,-0.040394086246393755,0.010785047520982536,-3.745378605685901,0.00018012192917808595
dlcpi2,0.015545092992315608,0.018374193970997335,0.8460285668504801,0.39753680819469317
dopen,0.059600278074169885,0.028387414589408393,2.099531744479728,0.03577005250637454
dexpgdp,-0.14991259782368957,0.09573382391571318,-1.5659313677439328,0.11736468543323264
diy,0.5519649943857072,0.07924292282416787,6.9654800039425915,3.272859088902769e-12
l_ecterm,-0.015671026700346966,0.003564226938142924,-4.396753341556885,1.0988209244917034e-05
