variable,cd_stat,pvalue,avg_corr
lrgdpmad,91.34667847594903,0.0,0.9781593644692392
lcpi,92.5044919665393,0.0,0.9905574738151404
lenpr,72.21264561782723,0.0,0.7732681332553775
open,62.292797676985444,0.0,0.6670443239244221
expgdp,41.19491319569362,0.0,0.4411237582270121
iy,17.064109818798798,0.0,0.18272606179089781
