hausman_stat,pvalue
53.54924961784471,2.2993157600126324e-08
