n_obs,n_countries,share
57,16,0.8888888888888888
55,1,0.05555555555555555
45,1,0.05555555555555555
