variable,N,NT,NT_over_N,var_total,var_between,var_within,var_twfe,var_fd,pct_within
lcpi,18,1012,56.22222222222222,0.838120589189309,0.044032539797679,0.7971381403457342,0.0972063520386372,0.0017822898206666,95.11019662657183
lenpr,18,1012,56.22222222222222,0.0697672302842641,0.0160646651727277,0.0544913062294438,0.0140884687481915,0.0050175365101731,78.1044424544602
lrgdpmad,18,1012,56.22222222222222,0.1860727512696083,0.0432359480269904,0.1450876689031745,0.0112752879718634,0.0006378881492834,77.97362478558247
iy,18,1012,56.22222222222222,0.0014890362943072,0.0005666330295944,0.0009476388420367,0.0007109510921447,0.0001982773466193,63.64108421397764
open,18,1012,56.22222222222222,0.0864756973685369,0.0640777522788165,0.0256284397201298,0.0152690553899633,0.0067337178048537,29.636580565413812
expgdp,18,1012,56.22222222222222,0.0080603730619079,0.0061981082095613,0.0021483405187721,0.0011638413049396,0.0003568842243913,26.653115212804064
